player_id,nombre_jugador,valuation_amount,valuation_date,age_at_valuation,club_id,club_nombre
19937,Roberto Abbondanzieri,750000,2005-02-02,32,189,CA Boca Juniors
19937,Roberto Abbondanzieri,1250000,2006-03-23,33,189,CA Boca Juniors
19937,Roberto Abbondanzieri,2500000,2006-03-27,33,189,CA Boca Juniors
19937,Roberto Abbondanzieri,3500000,2006-07-12,33,189,CA Boca Juniors
19937,Roberto Abbondanzieri,4000000,2007-07-29,34,3709,Getafe CF
19937,Roberto Abbondanzieri,3600000,2008-02-04,35,3709,Getafe CF
19937,Roberto Abbondanzieri,3000000,2008-07-22,35,3709,Getafe CF
19937,Roberto Abbondanzieri,1800000,2009-01-24,36,3709,Getafe CF
19937,Roberto Abbondanzieri,1600000,2009-05-14,36,189,CA Boca Juniors
19937,Roberto Abbondanzieri,1500000,2009-08-06,36,189,CA Boca Juniors
19937,Roberto Abbondanzieri,1300000,2009-10-06,37,189,CA Boca Juniors
19937,Roberto Abbondanzieri,900000,2010-01-21,37,189,CA Boca Juniors
19937,Roberto Abbondanzieri,600000,2010-09-06,38,6600,Sport Club Internacional
19937,Roberto Abbondanzieri,300000,2010-12-10,38,6600,Sport Club Internacional
19937,Roberto Abbondanzieri,0,2011-01-02,38,123,Club 123
7966,Javier García,50000,2004-10-04,17,0,Sin Club / Desconocido
7966,Javier García,125000,2007-10-01,20,0,Sin Club / Desconocido
7966,Javier García,250000,2008-08-25,21,189,CA Boca Juniors
7966,Javier García,900000,2008-12-20,21,189,CA Boca Juniors
7966,Javier García,900000,2009-05-14,22,189,CA Boca Juniors
7966,Javier García,800000,2009-10-06,22,189,CA Boca Juniors
7966,Javier García,700000,2010-01-21,22,189,CA Boca Juniors
7966,Javier García,500000,2010-10-05,23,189,CA Boca Juniors
7966,Javier García,700000,2011-01-01,23,189,CA Boca Juniors
7966,Javier García,500000,2011-06-28,24,189,CA Boca Juniors
7966,Javier García,750000,2012-08-02,25,11831,CA Tigre
7966,Javier García,600000,2013-06-30,26,11831,CA Tigre
7966,Javier García,750000,2015-07-14,28,11831,CA Tigre
7966,Javier García,800000,2016-02-06,29,11831,CA Tigre
7966,Javier García,800000,2016-08-08,29,11831,CA Tigre
7966,Javier García,500000,2017-02-13,30,11831,CA Tigre
7966,Javier García,500000,2017-10-09,30,1444,Racing Club
7966,Javier García,500000,2018-05-08,31,1444,Racing Club
7966,Javier García,750000,2018-12-18,31,1444,Racing Club
7966,Javier García,600000,2019-08-06,32,1444,Racing Club
7966,Javier García,400000,2019-12-05,32,1444,Racing Club
7966,Javier García,325000,2020-04-08,33,1444,Racing Club
7966,Javier García,200000,2021-02-08,34,189,CA Boca Juniors
7966,Javier García,125000,2021-10-20,34,189,CA Boca Juniors
7966,Javier García,100000,2022-05-24,35,189,CA Boca Juniors
7966,Javier García,75000,2022-10-26,35,189,CA Boca Juniors
7966,Javier García,75000,2023-07-04,36,189,CA Boca Juniors
7966,Javier García,50000,2023-12-19,36,189,CA Boca Juniors
7966,Javier García,25000,2024-06-12,37,189,CA Boca Juniors
7966,Javier García,25000,2024-12-13,37,189,CA Boca Juniors
7966,Javier García,25000,2025-06-02,38,189,CA Boca Juniors
7966,Javier García,25000,2025-12-17,38,189,CA Boca Juniors
55955,Josué Ayala,50000,2007-10-01,19,14831,CA Boca Juniors II
55955,Josué Ayala,150000,2008-12-20,20,189,CA Boca Juniors
55955,Josué Ayala,200000,2009-05-14,20,189,CA Boca Juniors
55955,Josué Ayala,200000,2009-08-30,21,189,CA Boca Juniors
55955,Josué Ayala,200000,2009-10-06,21,189,CA Boca Juniors
55955,Josué Ayala,200000,2010-01-21,21,189,CA Boca Juniors
55955,Josué Ayala,200000,2016-02-06,27,14554,Club Atlético Tucumán
55955,Josué Ayala,200000,2016-08-08,28,14554,Club Atlético Tucumán
55955,Josué Ayala,200000,2017-02-13,28,14554,Club Atlético Tucumán
55955,Josué Ayala,250000,2017-10-09,29,14542,CA Temperley
55955,Josué Ayala,175000,2018-05-08,29,14542,CA Temperley
55955,Josué Ayala,150000,2018-12-18,30,1418,CA Rosario Central
55955,Josué Ayala,150000,2019-08-06,31,1418,CA Rosario Central
55955,Josué Ayala,150000,2019-12-05,31,1418,CA Rosario Central
55955,Josué Ayala,125000,2021-02-08,32,1418,CA Rosario Central
55955,Josué Ayala,50000,2021-10-20,33,1418,CA Rosario Central
55955,Josué Ayala,50000,2022-05-24,33,12454,CA Sarmiento (Junín)
55955,Josué Ayala,50000,2022-10-26,34,12454,CA Sarmiento (Junín)
55955,Josué Ayala,25000,2023-07-17,35,515,Club 515
55955,Josué Ayala,0,2024-03-07,35,26157,CM Crucero del Norte
53332,Juan Forlín,300000,2007-11-20,19,6767,Real Madrid Castilla
53332,Juan Forlín,100000,2008-06-04,20,189,CA Boca Juniors
53332,Juan Forlín,250000,2008-08-25,20,189,CA Boca Juniors
53332,Juan Forlín,800000,2008-12-20,20,189,CA Boca Juniors
53332,Juan Forlín,2000000,2009-05-14,21,189,CA Boca Juniors
53332,Juan Forlín,3000000,2009-08-31,21,714,RCD Espanyol
53332,Juan Forlín,3400000,2009-12-02,21,714,RCD Espanyol
53332,Juan Forlín,3400000,2010-04-06,22,714,RCD Espanyol
53332,Juan Forlín,3400000,2010-08-20,22,714,RCD Espanyol
53332,Juan Forlín,3500000,2011-02-04,23,714,RCD Espanyol
53332,Juan Forlín,3500000,2011-07-29,23,714,RCD Espanyol
53332,Juan Forlín,4000000,2012-02-03,24,714,RCD Espanyol
53332,Juan Forlín,4000000,2012-08-08,24,714,RCD Espanyol
53332,Juan Forlín,4000000,2013-01-11,25,714,RCD Espanyol
53332,Juan Forlín,4000000,2013-06-13,25,714,RCD Espanyol
53332,Juan Forlín,3000000,2014-02-10,26,189,CA Boca Juniors
53332,Juan Forlín,2750000,2015-01-11,27,3229,Al-Rayyan SC
53332,Juan Forlín,2500000,2015-10-01,27,4961,Querétaro FC
53332,Juan Forlín,1800000,2016-01-13,28,4961,Querétaro FC
53332,Juan Forlín,1800000,2016-08-04,28,4961,Querétaro FC
53332,Juan Forlín,2000000,2016-12-16,28,4961,Querétaro FC
53332,Juan Forlín,1800000,2017-07-31,29,4961,Querétaro FC
53332,Juan Forlín,1200000,2018-01-01,29,2497,Real Oviedo
53332,Juan Forlín,1000000,2018-05-30,30,2497,Real Oviedo
53332,Juan Forlín,800000,2019-02-19,31,2497,Real Oviedo
53332,Juan Forlín,500000,2019-06-29,31,2497,Real Oviedo
53332,Juan Forlín,400000,2020-04-08,32,937,Júbilo Iwata
53332,Juan Forlín,250000,2021-01-27,33,937,Júbilo Iwata
53332,Juan Forlín,250000,2021-06-30,33,26132,UE Costa Brava (- 2022)
53332,Juan Forlín,150000,2021-12-30,33,26132,UE Costa Brava (- 2022)
53332,Juan Forlín,100000,2022-06-29,34,26132,UE Costa Brava (- 2022)
53332,Juan Forlín,0,2022-11-18,34,2113,Club 2113
60889,Gary Medel,800000,2007-11-30,20,3277,CD Universidad Católica
60889,Gary Medel,1400000,2008-12-23,21,3277,CD Universidad Católica
60889,Gary Medel,1800000,2009-08-06,22,189,CA Boca Juniors
60889,Gary Medel,2000000,2009-10-06,22,189,CA Boca Juniors
60889,Gary Medel,2000000,2010-01-21,22,189,CA Boca Juniors
60889,Gary Medel,2500000,2010-04-20,22,189,CA Boca Juniors
60889,Gary Medel,5000000,2010-08-01,22,189,CA Boca Juniors
60889,Gary Medel,5000000,2010-10-05,23,189,CA Boca Juniors
60889,Gary Medel,5000000,2011-01-01,23,189,CA Boca Juniors
60889,Gary Medel,6000000,2011-07-29,23,368,Sevilla FC
60889,Gary Medel,6000000,2012-02-03,24,368,Sevilla FC
60889,Gary Medel,10000000,2012-08-07,25,368,Sevilla FC
60889,Gary Medel,10000000,2013-01-11,25,368,Sevilla FC
60889,Gary Medel,10000000,2013-06-12,25,368,Sevilla FC
60889,Gary Medel,13000000,2013-09-18,26,603,Cardiff City
60889,Gary Medel,11000000,2014-01-15,26,603,Cardiff City
60889,Gary Medel,11000000,2014-09-15,27,46,Inter de Milán
60889,Gary Medel,10000000,2015-01-07,27,46,Inter de Milán
60889,Gary Medel,10000000,2015-07-01,27,46,Inter de Milán
60889,Gary Medel,12000000,2015-11-05,28,46,Inter de Milán
60889,Gary Medel,12000000,2016-01-04,28,46,Inter de Milán
60889,Gary Medel,13000000,2016-07-15,28,46,Inter de Milán
60889,Gary Medel,13000000,2017-01-02,29,46,Inter de Milán
60889,Gary Medel,12000000,2017-06-08,29,46,Inter de Milán
60889,Gary Medel,7500000,2017-10-06,30,114,Besiktas JK
60889,Gary Medel,4000000,2018-02-12,30,114,Besiktas JK
60889,Gary Medel,5000000,2018-05-29,30,114,Besiktas JK
60889,Gary Medel,4500000,2019-01-04,31,114,Besiktas JK
60889,Gary Medel,3750000,2019-06-04,31,114,Besiktas JK
60889,Gary Medel,3000000,2019-12-12,32,1025,Bolonia
60889,Gary Medel,2400000,2020-04-08,32,1025,Bolonia
60889,Gary Medel,2000000,2020-08-25,33,1025,Bolonia
60889,Gary Medel,1500000,2020-12-29,33,1025,Bolonia
60889,Gary Medel,1000000,2021-06-03,33,1025,Bolonia
60889,Gary Medel,1000000,2021-12-28,34,1025,Bolonia
60889,Gary Medel,1000000,2022-06-07,34,1025,Bolonia
60889,Gary Medel,1000000,2022-11-11,35,1025,Bolonia
60889,Gary Medel,800000,2023-06-15,35,1025,Bolonia
60889,Gary Medel,700000,2023-12-11,36,978,Clube de Regatas Vasco da Gama
60889,Gary Medel,500000,2024-03-28,36,978,Clube de Regatas Vasco da Gama
60889,Gary Medel,400000,2024-06-17,36,189,CA Boca Juniors
60889,Gary Medel,200000,2024-12-13,37,189,CA Boca Juniors
60889,Gary Medel,150000,2025-04-16,37,3277,CD Universidad Católica
60889,Gary Medel,100000,2025-06-30,37,3277,CD Universidad Católica
60889,Gary Medel,50000,2025-12-10,38,3277,CD Universidad Católica
30767,Gabriel Paletta,2500000,2006-02-14,19,830,CA Banfield
30767,Gabriel Paletta,3000000,2006-02-15,20,830,CA Banfield
30767,Gabriel Paletta,2300000,2007-04-25,21,31,Liverpool FC
30767,Gabriel Paletta,2800000,2007-10-01,21,189,CA Boca Juniors
30767,Gabriel Paletta,3800000,2008-03-31,22,189,CA Boca Juniors
30767,Gabriel Paletta,3800000,2008-08-25,22,189,CA Boca Juniors
30767,Gabriel Paletta,3600000,2008-12-20,22,189,CA Boca Juniors
30767,Gabriel Paletta,3400000,2009-05-14,23,189,CA Boca Juniors
30767,Gabriel Paletta,3000000,2009-10-06,23,189,CA Boca Juniors
30767,Gabriel Paletta,2500000,2010-01-21,23,189,CA Boca Juniors
30767,Gabriel Paletta,2500000,2010-04-20,24,189,CA Boca Juniors
30767,Gabriel Paletta,2500000,2011-06-21,25,130,Parma
30767,Gabriel Paletta,2500000,2012-01-11,25,130,Parma
30767,Gabriel Paletta,3800000,2012-06-08,26,130,Parma
30767,Gabriel Paletta,6500000,2013-01-14,26,130,Parma
30767,Gabriel Paletta,8000000,2013-06-19,27,130,Parma
30767,Gabriel Paletta,8000000,2014-01-07,27,130,Parma
30767,Gabriel Paletta,10000000,2014-03-10,28,130,Parma
30767,Gabriel Paletta,10000000,2014-07-11,28,130,Parma
30767,Gabriel Paletta,8500000,2015-01-07,28,130,Parma
30767,Gabriel Paletta,6500000,2015-03-20,29,5,AC Milan
30767,Gabriel Paletta,5000000,2015-07-01,29,5,AC Milan
30767,Gabriel Paletta,5000000,2016-01-04,29,800,Atalanta de Bérgamo
30767,Gabriel Paletta,5000000,2016-07-15,30,5,AC Milan
30767,Gabriel Paletta,6500000,2017-01-02,30,5,AC Milan
30767,Gabriel Paletta,5500000,2017-06-08,31,5,AC Milan
30767,Gabriel Paletta,4000000,2017-10-13,31,5,AC Milan
30767,Gabriel Paletta,2000000,2017-12-29,31,5,AC Milan
30767,Gabriel Paletta,1500000,2018-03-12,32,22219,Jiangsu FC (1994 - 2021)
30767,Gabriel Paletta,1500000,2018-06-05,32,22219,Jiangsu FC (1994 - 2021)
30767,Gabriel Paletta,1600000,2018-12-09,32,22219,Jiangsu FC (1994 - 2021)
30767,Gabriel Paletta,800000,2019-12-16,33,2919,AC Monza
30767,Gabriel Paletta,650000,2020-04-08,34,2919,AC Monza
30767,Gabriel Paletta,550000,2020-06-16,34,2919,AC Monza
30767,Gabriel Paletta,300000,2021-02-22,35,2919,AC Monza
30767,Gabriel Paletta,300000,2021-06-24,35,2919,AC Monza
30767,Gabriel Paletta,200000,2021-12-29,35,2919,AC Monza
30767,Gabriel Paletta,200000,2022-06-06,36,2919,AC Monza
30767,Gabriel Paletta,100000,2022-11-11,36,2919,AC Monza
30767,Gabriel Paletta,0,2023-02-24,37,123,Club 123
61546,Facundo Roncaglia,400000,2007-10-26,20,14831,CA Boca Juniors II
61546,Facundo Roncaglia,600000,2008-08-25,21,189,CA Boca Juniors
61546,Facundo Roncaglia,800000,2008-12-20,21,189,CA Boca Juniors
61546,Facundo Roncaglia,1000000,2009-05-14,22,189,CA Boca Juniors
61546,Facundo Roncaglia,1200000,2009-08-06,22,714,RCD Espanyol
61546,Facundo Roncaglia,1600000,2009-12-02,22,714,RCD Espanyol
61546,Facundo Roncaglia,2400000,2010-01-07,22,714,RCD Espanyol
61546,Facundo Roncaglia,2400000,2010-04-06,23,714,RCD Espanyol
61546,Facundo Roncaglia,2000000,2011-01-01,23,288,Club Estudiantes de La Plata
61546,Facundo Roncaglia,1600000,2011-06-28,24,288,Club Estudiantes de La Plata
61546,Facundo Roncaglia,1500000,2012-01-10,24,189,CA Boca Juniors
61546,Facundo Roncaglia,4000000,2012-11-07,25,430,Fiorentina
61546,Facundo Roncaglia,6000000,2013-01-15,25,430,Fiorentina
61546,Facundo Roncaglia,5500000,2013-06-19,26,430,Fiorentina
61546,Facundo Roncaglia,5000000,2014-01-07,26,430,Fiorentina
61546,Facundo Roncaglia,4000000,2014-07-01,27,430,Fiorentina
61546,Facundo Roncaglia,4000000,2015-01-07,27,252,Génova
61546,Facundo Roncaglia,3500000,2015-07-01,28,430,Fiorentina
61546,Facundo Roncaglia,4500000,2016-01-04,28,430,Fiorentina
61546,Facundo Roncaglia,4000000,2016-07-15,29,940,RC Celta de Vigo
61546,Facundo Roncaglia,5000000,2017-01-24,29,940,RC Celta de Vigo
61546,Facundo Roncaglia,5000000,2017-06-05,30,940,RC Celta de Vigo
61546,Facundo Roncaglia,3000000,2018-01-01,30,940,RC Celta de Vigo
61546,Facundo Roncaglia,3000000,2018-05-30,31,940,RC Celta de Vigo
61546,Facundo Roncaglia,2500000,2018-12-21,31,940,RC Celta de Vigo
61546,Facundo Roncaglia,2500000,2019-06-11,32,1049,Valencia CF
61546,Facundo Roncaglia,1800000,2019-12-20,32,331,CA Osasuna
61546,Facundo Roncaglia,1400000,2020-04-08,33,331,CA Osasuna
61546,Facundo Roncaglia,1000000,2020-10-08,33,331,CA Osasuna
61546,Facundo Roncaglia,1000000,2021-01-05,33,331,CA Osasuna
61546,Facundo Roncaglia,1000000,2021-06-10,34,331,CA Osasuna
61546,Facundo Roncaglia,400000,2022-01-11,34,10586,Aris Limassol
61546,Facundo Roncaglia,350000,2022-06-20,35,10586,Aris Limassol
61546,Facundo Roncaglia,250000,2022-10-26,35,189,CA Boca Juniors
61546,Facundo Roncaglia,200000,2023-07-04,36,189,CA Boca Juniors
61546,Facundo Roncaglia,50000,2023-12-19,36,189,CA Boca Juniors
61546,Facundo Roncaglia,25000,2024-06-12,37,12454,CA Sarmiento (Junín)
61546,Facundo Roncaglia,25000,2024-12-13,37,12454,CA Sarmiento (Junín)
61546,Facundo Roncaglia,25000,2025-06-02,38,12454,CA Sarmiento (Junín)
61546,Facundo Roncaglia,25000,2025-12-17,38,12454,CA Sarmiento (Junín)
18733,Julio Cáceres,3000000,2004-10-04,24,995,FC Nantes
18733,Julio Cáceres,4000000,2004-10-27,25,995,FC Nantes
18733,Julio Cáceres,3500000,2004-11-01,25,995,FC Nantes
18733,Julio Cáceres,2750000,2005-03-21,25,995,FC Nantes
18733,Julio Cáceres,1750000,2005-05-28,25,995,FC Nantes
18733,Julio Cáceres,2750000,2008-03-31,28,189,CA Boca Juniors
18733,Julio Cáceres,2600000,2008-12-20,29,189,CA Boca Juniors
18733,Julio Cáceres,2400000,2009-05-14,29,189,CA Boca Juniors
18733,Julio Cáceres,2400000,2009-10-06,30,189,CA Boca Juniors
18733,Julio Cáceres,1800000,2010-01-21,30,330,Clube Atlético Mineiro
18733,Julio Cáceres,1000000,2010-07-13,30,330,Clube Atlético Mineiro
18733,Julio Cáceres,900000,2010-09-06,30,330,Clube Atlético Mineiro
18733,Julio Cáceres,600000,2010-12-10,31,330,Clube Atlético Mineiro
18733,Julio Cáceres,0,2017-11-30,38,11855,Club Guaraní
18733,Julio Cáceres,50000,2020-10-14,41,629,Club Olimpia Asunción
18733,Julio Cáceres,0,2021-01-01,41,123,Club 123
75127,Ezequiel Muñoz,100000,2008-08-25,17,189,CA Boca Juniors
75127,Ezequiel Muñoz,600000,2008-12-20,18,189,CA Boca Juniors
75127,Ezequiel Muñoz,800000,2009-05-14,18,189,CA Boca Juniors
75127,Ezequiel Muñoz,800000,2009-10-06,18,189,CA Boca Juniors
75127,Ezequiel Muñoz,1200000,2010-01-21,19,189,CA Boca Juniors
75127,Ezequiel Muñoz,1500000,2010-04-20,19,189,CA Boca Juniors
75127,Ezequiel Muñoz,5000000,2010-08-29,19,458,Palermo FC
75127,Ezequiel Muñoz,6500000,2011-01-10,20,458,Palermo FC
75127,Ezequiel Muñoz,6000000,2011-06-21,20,458,Palermo FC
75127,Ezequiel Muñoz,4900000,2012-01-11,21,458,Palermo FC
75127,Ezequiel Muñoz,4000000,2012-06-08,21,458,Palermo FC
75127,Ezequiel Muñoz,3600000,2013-01-14,22,458,Palermo FC
75127,Ezequiel Muñoz,3500000,2013-06-19,22,458,Palermo FC
75127,Ezequiel Muñoz,3500000,2014-01-29,23,458,Palermo FC
75127,Ezequiel Muñoz,3800000,2014-07-15,23,458,Palermo FC
75127,Ezequiel Muñoz,4500000,2015-01-07,24,458,Palermo FC
75127,Ezequiel Muñoz,4000000,2015-07-01,24,458,Palermo FC
75127,Ezequiel Muñoz,3500000,2016-01-04,25,252,Génova
75127,Ezequiel Muñoz,3300000,2016-07-15,25,252,Génova
75127,Ezequiel Muñoz,3300000,2017-01-02,26,252,Génova
75127,Ezequiel Muñoz,3000000,2017-06-08,26,252,Génova
75127,Ezequiel Muñoz,2000000,2018-01-01,27,1244,CD Leganés
75127,Ezequiel Muñoz,1500000,2018-05-30,27,1244,CD Leganés
75127,Ezequiel Muñoz,1000000,2018-12-21,28,1244,CD Leganés
75127,Ezequiel Muñoz,1000000,2019-06-11,28,1244,CD Leganés
75127,Ezequiel Muñoz,1000000,2019-08-06,28,333,CA Lanús
75127,Ezequiel Muñoz,1500000,2019-12-05,29,333,CA Lanús
75127,Ezequiel Muñoz,1200000,2020-04-08,29,333,CA Lanús
75127,Ezequiel Muñoz,800000,2021-02-08,30,1234,CA Independiente
75127,Ezequiel Muñoz,450000,2021-06-11,30,1234,CA Independiente
75127,Ezequiel Muñoz,300000,2021-10-20,31,1234,CA Independiente
75127,Ezequiel Muñoz,225000,2022-02-08,31,288,Club Estudiantes de La Plata
75127,Ezequiel Muñoz,175000,2022-05-24,31,288,Club Estudiantes de La Plata
75127,Ezequiel Muñoz,150000,2022-10-26,32,288,Club Estudiantes de La Plata
75127,Ezequiel Muñoz,100000,2023-07-04,32,288,Club Estudiantes de La Plata
75127,Ezequiel Muñoz,100000,2023-12-19,33,288,Club Estudiantes de La Plata
75127,Ezequiel Muñoz,100000,2024-06-12,33,333,CA Lanús
75127,Ezequiel Muñoz,100000,2024-12-13,34,333,CA Lanús
75127,Ezequiel Muñoz,75000,2025-06-02,34,333,CA Lanús
75127,Ezequiel Muñoz,75000,2025-12-17,35,333,CA Lanús
96740,Gastón Sauro,50000,2009-01-16,18,189,CA Boca Juniors
96740,Gastón Sauro,100000,2009-05-14,19,189,CA Boca Juniors
96740,Gastón Sauro,300000,2009-08-06,19,189,CA Boca Juniors
96740,Gastón Sauro,1200000,2009-10-06,19,189,CA Boca Juniors
96740,Gastón Sauro,1200000,2010-01-21,19,189,CA Boca Juniors
96740,Gastón Sauro,900000,2010-04-20,20,189,CA Boca Juniors
96740,Gastón Sauro,500000,2011-01-01,20,189,CA Boca Juniors
96740,Gastón Sauro,400000,2011-06-28,21,189,CA Boca Juniors
96740,Gastón Sauro,300000,2012-01-10,21,189,CA Boca Juniors
96740,Gastón Sauro,1200000,2012-07-12,22,26,FC Basilea
96740,Gastón Sauro,1000000,2012-09-05,22,26,FC Basilea
96740,Gastón Sauro,750000,2013-01-05,22,26,FC Basilea
96740,Gastón Sauro,750000,2013-06-17,23,26,FC Basilea
96740,Gastón Sauro,500000,2013-11-26,23,26,FC Basilea
96740,Gastón Sauro,500000,2014-02-14,23,26,FC Basilea
96740,Gastón Sauro,750000,2014-05-08,24,26,FC Basilea
96740,Gastón Sauro,550000,2015-02-10,24,1627,Catania FC
96740,Gastón Sauro,300000,2015-06-29,25,1627,Catania FC
96740,Gastón Sauro,300000,2016-03-01,26,813,Columbus Crew
96740,Gastón Sauro,300000,2016-05-30,26,813,Columbus Crew
96740,Gastón Sauro,250000,2016-12-15,26,813,Columbus Crew
96740,Gastón Sauro,150000,2017-05-24,27,813,Columbus Crew
96740,Gastón Sauro,100000,2017-12-05,27,813,Columbus Crew
96740,Gastón Sauro,100000,2018-05-02,28,813,Columbus Crew
96740,Gastón Sauro,150000,2018-12-15,28,813,Columbus Crew
96740,Gastón Sauro,350000,2019-03-20,29,813,Columbus Crew
96740,Gastón Sauro,500000,2019-05-27,29,813,Columbus Crew
96740,Gastón Sauro,500000,2019-08-13,29,1804,Deportivo Toluca FC
96740,Gastón Sauro,1000000,2020-01-10,29,1804,Deportivo Toluca FC
96740,Gastón Sauro,800000,2020-04-08,30,1804,Deportivo Toluca FC
96740,Gastón Sauro,800000,2020-06-27,30,1804,Deportivo Toluca FC
96740,Gastón Sauro,800000,2020-12-18,30,1804,Deportivo Toluca FC
96740,Gastón Sauro,800000,2021-04-21,31,1804,Deportivo Toluca FC
96740,Gastón Sauro,600000,2021-10-20,31,12454,CA Sarmiento (Junín)
96740,Gastón Sauro,575000,2022-05-24,32,12454,CA Sarmiento (Junín)
96740,Gastón Sauro,450000,2022-10-26,32,12454,CA Sarmiento (Junín)
96740,Gastón Sauro,450000,2023-07-04,33,2063,CA Huracán
96740,Gastón Sauro,350000,2023-12-07,33,2352,CD América de Cali
96740,Gastón Sauro,200000,2024-06-11,34,2352,CD América de Cali
96740,Gastón Sauro,100000,2024-12-13,34,12454,CA Sarmiento (Junín)
96740,Gastón Sauro,50000,2025-04-04,35,515,Club 515
96740,Gastón Sauro,0,2025-09-29,35,515,Club 515
23193,Luiz Alberto,800000,2004-10-26,26,681,Real Sociedad
23193,Luiz Alberto,1000000,2007-10-04,29,2462,Fluminense Football Club
23193,Luiz Alberto,1500000,2008-02-04,30,2462,Fluminense Football Club
23193,Luiz Alberto,1000000,2009-09-06,31,2462,Fluminense Football Club
23193,Luiz Alberto,800000,2010-04-20,32,2462,Fluminense Football Club
23193,Luiz Alberto,0,2011-05-02,33,2113,Club 2113
23193,Luiz Alberto,50000,2013-03-10,35,679,Club Athletico Paranaense
23193,Luiz Alberto,0,2017-01-01,39,123,Club 123
51354,Julio Barroso,1200000,2007-10-04,22,288,Club Estudiantes de La Plata
51354,Julio Barroso,1000000,2008-04-02,23,288,Club Estudiantes de La Plata
51354,Julio Barroso,800000,2008-08-25,23,189,CA Boca Juniors
51354,Julio Barroso,600000,2008-12-20,23,189,CA Boca Juniors
51354,Julio Barroso,500000,2009-05-14,24,189,CA Boca Juniors
51354,Julio Barroso,400000,2009-10-06,24,189,CA Boca Juniors
51354,Julio Barroso,400000,2010-01-21,25,189,CA Boca Juniors
51354,Julio Barroso,450000,2010-12-16,25,14723,CD Ñublense
51354,Julio Barroso,400000,2011-12-29,26,14723,CD Ñublense
51354,Julio Barroso,550000,2016-01-11,30,2433,CSD Colo-Colo
51354,Julio Barroso,650000,2017-10-19,32,2433,CSD Colo-Colo
51354,Julio Barroso,500000,2018-06-03,33,2433,CSD Colo-Colo
51354,Julio Barroso,500000,2019-05-22,34,2433,CSD Colo-Colo
51354,Julio Barroso,450000,2019-12-07,34,2433,CSD Colo-Colo
51354,Julio Barroso,350000,2020-04-08,35,2433,CSD Colo-Colo
51354,Julio Barroso,350000,2020-11-10,35,2433,CSD Colo-Colo
51354,Julio Barroso,300000,2021-03-11,36,7020,CD Everton
51354,Julio Barroso,200000,2021-10-22,36,7020,CD Everton
51354,Julio Barroso,200000,2022-03-28,37,7020,CD Everton
51354,Julio Barroso,100000,2022-06-16,37,7020,CD Everton
51354,Julio Barroso,0,2022-11-15,37,7020,CD Everton
51354,Julio Barroso,50000,2023-04-04,38,7020,CD Everton
51354,Julio Barroso,50000,2023-07-20,38,7020,CD Everton
51354,Julio Barroso,0,2023-12-13,38,7020,CD Everton
74405,Bréyner Bonilla,100000,2009-10-28,23,189,CA Boca Juniors
74405,Bréyner Bonilla,300000,2010-04-20,23,189,CA Boca Juniors
74405,Bréyner Bonilla,600000,2012-01-05,25,10503,Deportes Tolima
74405,Bréyner Bonilla,500000,2016-02-25,29,2619,Defensor Sporting Club
74405,Bréyner Bonilla,350000,2016-07-20,29,32041,Fortaleza CEIF
74405,Bréyner Bonilla,350000,2016-09-01,30,32041,Fortaleza CEIF
74405,Bréyner Bonilla,350000,2016-11-11,30,32041,Fortaleza CEIF
74405,Bréyner Bonilla,250000,2019-12-31,33,36020,Orense SC
74405,Bréyner Bonilla,75000,2021-12-29,35,37755,CD Real Sociedad de Tocoa
74405,Bréyner Bonilla,0,2022-10-04,36,75,Club 75
113126,David Achucarro,25000,2009-08-30,18,189,CA Boca Juniors
113126,David Achucarro,50000,2011-01-01,19,189,CA Boca Juniors
113126,David Achucarro,250000,2014-02-10,23,12574,CD Godoy Cruz Antonio Tomba
113126,David Achucarro,250000,2016-08-08,25,14542,CA Temperley
113126,David Achucarro,250000,2017-02-13,26,14542,CA Temperley
113126,David Achucarro,300000,2019-04-28,28,10534,CA Nueva Chicago
113126,David Achucarro,300000,2020-11-10,29,5747,Deportes La Serena
113126,David Achucarro,250000,2021-03-11,30,13651,CA San Telmo
113126,David Achucarro,225000,2021-12-22,30,13651,CA San Telmo
113126,David Achucarro,200000,2022-07-05,31,10534,CA Nueva Chicago
113126,David Achucarro,175000,2022-12-16,31,10534,CA Nueva Chicago
113126,David Achucarro,100000,2023-07-17,32,14977,Club Almagro
113126,David Achucarro,100000,2023-12-04,32,14977,Club Almagro
113126,David Achucarro,50000,2024-06-26,33,14519,CA Talleres (Remedios de Escalada)
113126,David Achucarro,25000,2024-11-29,33,14519,CA Talleres (Remedios de Escalada)
113126,David Achucarro,10000,2025-05-22,34,14519,CA Talleres (Remedios de Escalada)
113126,David Achucarro,10000,2025-11-26,34,14519,CA Talleres (Remedios de Escalada)
146292,Alan Pérez,25000,2010-04-20,19,0,Sin Club / Desconocido
146292,Alan Pérez,25000,2011-01-01,19,0,Sin Club / Desconocido
146292,Alan Pérez,0,2011-07-18,20,0,Sin Club / Desconocido
146292,Alan Pérez,75000,2020-02-17,28,8057,CA Atlanta
146292,Alan Pérez,150000,2021-05-17,30,8057,CA Atlanta
146292,Alan Pérez,200000,2021-12-22,30,8057,CA Atlanta
146292,Alan Pérez,200000,2022-07-05,31,8057,CA Atlanta
146292,Alan Pérez,175000,2022-12-16,31,8057,CA Atlanta
146292,Alan Pérez,175000,2023-07-17,32,14542,CA Temperley
146292,Alan Pérez,175000,2023-12-04,32,14542,CA Temperley
146292,Alan Pérez,175000,2024-05-28,33,28999,Cusco FC
146292,Alan Pérez,175000,2024-11-07,33,28999,Cusco FC
146292,Alan Pérez,150000,2025-06-12,34,21655,Sport Huancayo
146292,Alan Pérez,125000,2025-11-06,34,21655,Sport Huancayo
67084,Fabián Monzón,50000,2008-02-04,20,189,CA Boca Juniors
67084,Fabián Monzón,400000,2008-03-31,20,189,CA Boca Juniors
67084,Fabián Monzón,4000000,2008-08-03,21,189,CA Boca Juniors
67084,Fabián Monzón,4300000,2008-08-25,21,189,CA Boca Juniors
67084,Fabián Monzón,6000000,2008-08-31,21,150,Real Betis Balompié
67084,Fabián Monzón,6000000,2009-01-24,21,150,Real Betis Balompié
67084,Fabián Monzón,4000000,2009-10-06,22,189,CA Boca Juniors
67084,Fabián Monzón,3000000,2010-01-21,22,189,CA Boca Juniors
67084,Fabián Monzón,2500000,2010-04-20,23,189,CA Boca Juniors
67084,Fabián Monzón,2000000,2010-10-05,23,189,CA Boca Juniors
67084,Fabián Monzón,1500000,2011-01-01,23,189,CA Boca Juniors
67084,Fabián Monzón,1200000,2011-06-28,24,189,CA Boca Juniors
67084,Fabián Monzón,2000000,2011-07-20,24,417,OGC Niza
67084,Fabián Monzón,2750000,2011-12-24,24,417,OGC Niza
67084,Fabián Monzón,3000000,2012-02-02,24,417,OGC Niza
67084,Fabián Monzón,4000000,2012-05-23,25,417,OGC Niza
67084,Fabián Monzón,3500000,2013-01-07,25,1041,Olympique de Lyon
67084,Fabián Monzón,3000000,2013-02-15,25,2462,Fluminense Football Club
67084,Fabián Monzón,2500000,2013-05-30,26,2462,Fluminense Football Club
67084,Fabián Monzón,3000000,2013-09-25,26,1627,Catania FC
67084,Fabián Monzón,2400000,2014-01-07,26,1627,Catania FC
67084,Fabián Monzón,1500000,2014-07-01,27,1627,Catania FC
67084,Fabián Monzón,1500000,2015-07-14,28,189,CA Boca Juniors
67084,Fabián Monzón,750000,2017-10-19,30,1037,Universidad de Chile
67084,Fabián Monzón,600000,2018-06-03,31,1037,Universidad de Chile
67084,Fabián Monzón,500000,2019-08-06,32,14554,Club Atlético Tucumán
67084,Fabián Monzón,450000,2019-12-05,32,14554,Club Atlético Tucumán
67084,Fabián Monzón,350000,2020-04-08,32,14554,Club Atlético Tucumán
67084,Fabián Monzón,200000,2021-02-08,33,14554,Club Atlético Tucumán
67084,Fabián Monzón,50000,2022-12-16,35,30038,CA Mitre
67084,Fabián Monzón,0,2023-11-13,36,515,Club 515
7924,Claudio Morel Rodríguez,1500000,2004-10-04,26,189,CA Boca Juniors
7924,Claudio Morel Rodríguez,2000000,2007-10-01,29,189,CA Boca Juniors
7924,Claudio Morel Rodríguez,2000000,2008-03-31,30,189,CA Boca Juniors
7924,Claudio Morel Rodríguez,2300000,2008-08-25,30,189,CA Boca Juniors
7924,Claudio Morel Rodríguez,2500000,2008-12-20,30,189,CA Boca Juniors
7924,Claudio Morel Rodríguez,2500000,2009-05-14,31,189,CA Boca Juniors
7924,Claudio Morel Rodríguez,2400000,2009-10-06,31,189,CA Boca Juniors
7924,Claudio Morel Rodríguez,1800000,2010-01-21,31,189,CA Boca Juniors
7924,Claudio Morel Rodríguez,1800000,2010-04-20,32,189,CA Boca Juniors
7924,Claudio Morel Rodríguez,1800000,2010-08-27,32,897,RC Deportivo de La Coruña
7924,Claudio Morel Rodríguez,1200000,2010-12-10,32,897,RC Deportivo de La Coruña
7924,Claudio Morel Rodríguez,1200000,2011-02-04,33,897,RC Deportivo de La Coruña
7924,Claudio Morel Rodríguez,900000,2011-08-12,33,897,RC Deportivo de La Coruña
7924,Claudio Morel Rodríguez,700000,2012-03-21,34,897,RC Deportivo de La Coruña
7924,Claudio Morel Rodríguez,400000,2012-12-26,34,1234,CA Independiente
7924,Claudio Morel Rodríguez,0,2017-01-01,38,515,Club 515
20132,Juan Krupoviesa,1250000,2007-10-01,28,189,CA Boca Juniors
20132,Juan Krupoviesa,1000000,2008-05-05,29,244,Olympique de Marsella
20132,Juan Krupoviesa,800000,2008-08-25,29,189,CA Boca Juniors
20132,Juan Krupoviesa,600000,2008-12-20,29,189,CA Boca Juniors
20132,Juan Krupoviesa,700000,2009-05-14,30,189,CA Boca Juniors
20132,Juan Krupoviesa,600000,2009-10-06,30,189,CA Boca Juniors
20132,Juan Krupoviesa,700000,2010-01-21,30,189,CA Boca Juniors
20132,Juan Krupoviesa,700000,2010-04-20,31,189,CA Boca Juniors
20132,Juan Krupoviesa,600000,2011-01-01,31,4673,Arsenal FC
20132,Juan Krupoviesa,400000,2011-06-30,32,4673,Arsenal FC
20132,Juan Krupoviesa,0,2012-07-01,33,123,Club 123
116277,Nicolás Colazo,50000,2009-08-30,19,189,CA Boca Juniors
116277,Nicolás Colazo,75000,2009-10-06,19,189,CA Boca Juniors
116277,Nicolás Colazo,100000,2011-01-01,20,189,CA Boca Juniors
116277,Nicolás Colazo,500000,2011-06-28,20,189,CA Boca Juniors
116277,Nicolás Colazo,2200000,2011-12-19,21,189,CA Boca Juniors
116277,Nicolás Colazo,1500000,2012-01-10,21,189,CA Boca Juniors
116277,Nicolás Colazo,1400000,2014-02-10,23,189,CA Boca Juniors
116277,Nicolás Colazo,1250000,2015-01-11,24,189,CA Boca Juniors
116277,Nicolás Colazo,1800000,2015-07-14,25,189,CA Boca Juniors
116277,Nicolás Colazo,2400000,2016-02-06,25,189,CA Boca Juniors
116277,Nicolás Colazo,1500000,2016-08-08,26,189,CA Boca Juniors
116277,Nicolás Colazo,600000,2017-10-09,27,1106,Club de Gimnasia y Esgrima La Plata
116277,Nicolás Colazo,450000,2018-05-08,27,1106,Club de Gimnasia y Esgrima La Plata
116277,Nicolás Colazo,450000,2018-12-07,28,605,Aris de Salónica
116277,Nicolás Colazo,450000,2019-08-06,29,1418,CA Rosario Central
116277,Nicolás Colazo,400000,2019-12-05,29,1418,CA Rosario Central
116277,Nicolás Colazo,325000,2020-04-08,29,1418,CA Rosario Central
116277,Nicolás Colazo,325000,2021-01-02,30,10632,CA Rentistas
116277,Nicolás Colazo,275000,2021-04-10,30,515,Club 515
116277,Nicolás Colazo,250000,2021-10-20,31,1106,Club de Gimnasia y Esgrima La Plata
116277,Nicolás Colazo,225000,2022-05-24,31,1106,Club de Gimnasia y Esgrima La Plata
116277,Nicolás Colazo,225000,2022-10-26,32,1106,Club de Gimnasia y Esgrima La Plata
116277,Nicolás Colazo,200000,2023-07-04,32,1106,Club de Gimnasia y Esgrima La Plata
116277,Nicolás Colazo,175000,2023-12-19,33,1106,Club de Gimnasia y Esgrima La Plata
116277,Nicolás Colazo,150000,2024-06-12,33,1106,Club de Gimnasia y Esgrima La Plata
116277,Nicolás Colazo,125000,2024-12-13,34,1106,Club de Gimnasia y Esgrima La Plata
116277,Nicolás Colazo,75000,2025-04-04,34,515,Club 515
116277,Nicolás Colazo,50000,2025-12-17,35,830,CA Banfield
110283,Leandro Aguirre,50000,2009-05-14,20,189,CA Boca Juniors
110283,Leandro Aguirre,50000,2009-10-06,20,189,CA Boca Juniors
110283,Leandro Aguirre,50000,2010-08-15,21,866,Club Nacional
110283,Leandro Aguirre,50000,2011-01-17,21,189,CA Boca Juniors
110283,Leandro Aguirre,75000,2016-11-01,27,6335,Valletta FC
110283,Leandro Aguirre,125000,2019-04-28,30,14687,CA Gimnasia y Esgrima (Mendoza)
110283,Leandro Aguirre,150000,2020-02-17,31,14687,CA Gimnasia y Esgrima (Mendoza)
110283,Leandro Aguirre,100000,2020-11-25,31,6335,Valletta FC
110283,Leandro Aguirre,75000,2021-04-20,32,6335,Valletta FC
110283,Leandro Aguirre,75000,2021-11-10,32,10262,Birkirkara FC
110283,Leandro Aguirre,50000,2022-04-20,33,10262,Birkirkara FC
110283,Leandro Aguirre,50000,2022-11-22,33,10605,Marsaxlokk FC
110283,Leandro Aguirre,50000,2023-05-17,34,10605,Marsaxlokk FC
110283,Leandro Aguirre,50000,2023-12-05,34,10605,Marsaxlokk FC
110283,Leandro Aguirre,50000,2024-05-24,35,10605,Marsaxlokk FC
110283,Leandro Aguirre,50000,2024-11-01,35,10605,Marsaxlokk FC
110283,Leandro Aguirre,50000,2025-05-19,36,10605,Marsaxlokk FC
110283,Leandro Aguirre,50000,2025-10-17,36,10605,Marsaxlokk FC
6985,Hugo Ibarra,2000000,2004-10-04,30,714,RCD Espanyol
6985,Hugo Ibarra,3000000,2004-10-19,30,714,RCD Espanyol
6985,Hugo Ibarra,1750000,2007-10-01,33,189,CA Boca Juniors
6985,Hugo Ibarra,1750000,2008-03-31,33,189,CA Boca Juniors
6985,Hugo Ibarra,1500000,2008-08-25,34,189,CA Boca Juniors
6985,Hugo Ibarra,1500000,2008-12-20,34,189,CA Boca Juniors
6985,Hugo Ibarra,1500000,2009-05-14,35,189,CA Boca Juniors
6985,Hugo Ibarra,1300000,2009-08-06,35,189,CA Boca Juniors
6985,Hugo Ibarra,1300000,2009-10-06,35,189,CA Boca Juniors
6985,Hugo Ibarra,1000000,2010-01-21,35,189,CA Boca Juniors
6985,Hugo Ibarra,700000,2010-04-20,36,189,CA Boca Juniors
6985,Hugo Ibarra,0,2010-09-02,36,123,Club 123
76699,Adrián Gunino,500000,2009-08-06,20,189,CA Boca Juniors
76699,Adrián Gunino,500000,2009-10-06,20,189,CA Boca Juniors
76699,Adrián Gunino,500000,2010-01-21,20,189,CA Boca Juniors
76699,Adrián Gunino,400000,2010-04-20,21,189,CA Boca Juniors
76699,Adrián Gunino,800000,2010-07-16,21,415,Toulouse FC
76699,Adrián Gunino,1500000,2010-09-08,21,415,Toulouse FC
76699,Adrián Gunino,1700000,2010-12-28,21,415,Toulouse FC
76699,Adrián Gunino,2000000,2011-05-24,22,415,Toulouse FC
76699,Adrián Gunino,1500000,2011-08-24,22,861,CA Peñarol
76699,Adrián Gunino,825000,2012-02-20,23,3829,CA Fénix
76699,Adrián Gunino,800000,2012-09-25,23,3302,UD Almería
76699,Adrián Gunino,800000,2013-05-10,24,3302,UD Almería
76699,Adrián Gunino,950000,2013-09-24,24,3829,CA Fénix
76699,Adrián Gunino,800000,2014-02-06,25,993,Córdoba CF
76699,Adrián Gunino,800000,2014-07-20,25,993,Córdoba CF
76699,Adrián Gunino,800000,2015-01-23,25,993,Córdoba CF
76699,Adrián Gunino,800000,2015-07-01,26,3829,CA Fénix
76699,Adrián Gunino,0,2016-01-01,26,3829,CA Fénix
19951,José Calvo,1000000,2007-07-26,26,189,CA Boca Juniors
19951,José Calvo,1400000,2008-02-04,26,2867,Recreativo de Huelva
19951,José Calvo,1200000,2008-12-20,27,189,CA Boca Juniors
19951,José Calvo,1000000,2009-05-14,27,189,CA Boca Juniors
19951,José Calvo,800000,2009-10-06,28,189,CA Boca Juniors
19951,José Calvo,500000,2010-01-21,28,189,CA Boca Juniors
19951,José Calvo,300000,2010-04-20,28,189,CA Boca Juniors
19951,José Calvo,300000,2010-10-05,29,189,CA Boca Juniors
19951,José Calvo,300000,2011-01-01,29,189,CA Boca Juniors
19951,José Calvo,400000,2011-06-28,29,189,CA Boca Juniors
19951,José Calvo,0,2011-12-27,30,123,Club 123
113132,Leandro Marín,25000,2009-08-30,17,0,Sin Club / Desconocido
113132,Leandro Marín,100000,2010-04-20,18,0,Sin Club / Desconocido
113132,Leandro Marín,100000,2010-10-05,18,0,Sin Club / Desconocido
113132,Leandro Marín,100000,2011-01-01,18,0,Sin Club / Desconocido
113132,Leandro Marín,100000,2011-06-28,19,0,Sin Club / Desconocido
113132,Leandro Marín,100000,2012-01-10,19,14831,CA Boca Juniors II
113132,Leandro Marín,300000,2013-06-30,21,189,CA Boca Juniors
113132,Leandro Marín,800000,2015-01-11,22,189,CA Boca Juniors
113132,Leandro Marín,2000000,2015-07-14,23,189,CA Boca Juniors
113132,Leandro Marín,1500000,2016-02-06,24,11831,CA Tigre
113132,Leandro Marín,1500000,2016-08-08,24,189,CA Boca Juniors
113132,Leandro Marín,1250000,2017-02-13,25,4673,Arsenal FC
113132,Leandro Marín,1250000,2017-07-12,25,527,FC Lausanne-Sport
113132,Leandro Marín,800000,2017-09-29,25,527,FC Lausanne-Sport
113132,Leandro Marín,800000,2018-01-08,25,527,FC Lausanne-Sport
113132,Leandro Marín,500000,2018-04-24,26,527,FC Lausanne-Sport
113132,Leandro Marín,400000,2019-08-06,27,19806,CA Patronato
113132,Leandro Marín,400000,2019-12-05,27,19806,CA Patronato
113132,Leandro Marín,325000,2020-04-08,28,19806,CA Patronato
113132,Leandro Marín,275000,2021-02-08,29,19806,CA Patronato
113132,Leandro Marín,250000,2021-10-20,29,19806,CA Patronato
113132,Leandro Marín,150000,2022-06-29,30,50260,Internacional de Madrid (-2023)
113132,Leandro Marín,0,2023-03-07,31,21122,CD Móstoles URJC
15646,Sebastián Battaglia,3000000,2004-10-04,23,1050,Villarreal CF
15646,Sebastián Battaglia,6000000,2004-10-18,23,1050,Villarreal CF
15646,Sebastián Battaglia,3900000,2007-10-01,26,189,CA Boca Juniors
15646,Sebastián Battaglia,3900000,2008-03-31,27,189,CA Boca Juniors
15646,Sebastián Battaglia,4500000,2008-08-25,27,189,CA Boca Juniors
15646,Sebastián Battaglia,4500000,2008-12-20,28,189,CA Boca Juniors
15646,Sebastián Battaglia,4500000,2009-05-14,28,189,CA Boca Juniors
15646,Sebastián Battaglia,4000000,2009-10-06,28,189,CA Boca Juniors
15646,Sebastián Battaglia,3500000,2010-01-21,29,189,CA Boca Juniors
15646,Sebastián Battaglia,3000000,2010-04-20,29,189,CA Boca Juniors
15646,Sebastián Battaglia,2500000,2010-10-05,29,189,CA Boca Juniors
15646,Sebastián Battaglia,2500000,2011-01-01,30,189,CA Boca Juniors
15646,Sebastián Battaglia,1800000,2011-06-28,30,189,CA Boca Juniors
15646,Sebastián Battaglia,1200000,2011-12-19,31,189,CA Boca Juniors
15646,Sebastián Battaglia,1000000,2012-01-10,31,189,CA Boca Juniors
15646,Sebastián Battaglia,750000,2012-08-02,31,189,CA Boca Juniors
15646,Sebastián Battaglia,500000,2012-11-05,31,189,CA Boca Juniors
15646,Sebastián Battaglia,250000,2012-12-26,32,189,CA Boca Juniors
15646,Sebastián Battaglia,0,2013-02-08,32,189,CA Boca Juniors
61504,Sebastián Prediger,250000,2007-10-26,21,1070,CA Colón
61504,Sebastián Prediger,1000000,2008-04-06,21,1070,CA Colón
61504,Sebastián Prediger,1200000,2008-09-08,22,1070,CA Colón
61504,Sebastián Prediger,1800000,2008-12-20,22,1070,CA Colón
61504,Sebastián Prediger,2200000,2009-05-27,22,1070,CA Colón
61504,Sebastián Prediger,1800000,2010-04-20,23,189,CA Boca Juniors
61504,Sebastián Prediger,1000000,2010-08-25,23,609,Cruzeiro Esporte Clube
61504,Sebastián Prediger,400000,2010-12-10,24,720,FC Oporto
61504,Sebastián Prediger,700000,2011-06-30,24,1070,CA Colón
61504,Sebastián Prediger,800000,2015-07-14,28,2417,CA Belgrano
61504,Sebastián Prediger,800000,2016-02-06,29,2417,CA Belgrano
61504,Sebastián Prediger,600000,2016-08-08,29,1286,CA Newell's Old Boys
61504,Sebastián Prediger,600000,2017-02-13,30,1286,CA Newell's Old Boys
61504,Sebastián Prediger,300000,2017-11-03,31,12709,CA San Martín (Tucumán)
61504,Sebastián Prediger,200000,2018-05-08,31,11831,CA Tigre
61504,Sebastián Prediger,150000,2018-12-18,32,11831,CA Tigre
61504,Sebastián Prediger,100000,2020-02-17,33,11831,CA Tigre
61504,Sebastián Prediger,150000,2021-05-17,34,11831,CA Tigre
61504,Sebastián Prediger,150000,2021-12-22,35,11831,CA Tigre
61504,Sebastián Prediger,150000,2022-05-24,35,11831,CA Tigre
61504,Sebastián Prediger,150000,2022-10-26,36,11831,CA Tigre
61504,Sebastián Prediger,100000,2023-07-04,36,11831,CA Tigre
61504,Sebastián Prediger,100000,2023-12-19,37,11831,CA Tigre
61504,Sebastián Prediger,100000,2024-06-26,37,1070,CA Colón
61504,Sebastián Prediger,50000,2024-11-29,38,1070,CA Colón
61504,Sebastián Prediger,0,2025-03-14,38,135801,Club Atlético Unión (Crespo)
26471,Ariel Rosada,2800000,2007-11-19,29,1804,Deportivo Toluca FC
26471,Ariel Rosada,2200000,2008-02-05,29,940,RC Celta de Vigo
26471,Ariel Rosada,1600000,2008-08-11,30,940,RC Celta de Vigo
26471,Ariel Rosada,1200000,2008-10-15,30,940,RC Celta de Vigo
26471,Ariel Rosada,1200000,2009-01-17,30,940,RC Celta de Vigo
26471,Ariel Rosada,1000000,2009-08-06,31,189,CA Boca Juniors
26471,Ariel Rosada,800000,2009-10-06,31,189,CA Boca Juniors
26471,Ariel Rosada,700000,2010-01-21,31,189,CA Boca Juniors
26471,Ariel Rosada,700000,2010-04-20,32,189,CA Boca Juniors
26471,Ariel Rosada,700000,2011-01-01,32,830,CA Banfield
26471,Ariel Rosada,500000,2011-12-23,33,7468,Club Olimpo
26471,Ariel Rosada,0,2014-01-01,35,75,Club 75
118283,Cristian Erbes,25000,2009-08-30,19,14831,CA Boca Juniors II
118283,Cristian Erbes,75000,2009-10-06,19,14831,CA Boca Juniors II
118283,Cristian Erbes,500000,2010-04-20,20,189,CA Boca Juniors
118283,Cristian Erbes,500000,2010-10-05,20,189,CA Boca Juniors
118283,Cristian Erbes,800000,2011-01-01,20,189,CA Boca Juniors
118283,Cristian Erbes,800000,2011-06-28,21,189,CA Boca Juniors
118283,Cristian Erbes,500000,2011-12-19,21,189,CA Boca Juniors
118283,Cristian Erbes,700000,2012-01-10,22,189,CA Boca Juniors
118283,Cristian Erbes,1000000,2013-06-30,23,189,CA Boca Juniors
118283,Cristian Erbes,2000000,2015-07-14,25,189,CA Boca Juniors
118283,Cristian Erbes,2800000,2016-02-06,26,189,CA Boca Juniors
118283,Cristian Erbes,2500000,2016-08-04,26,5138,Tiburones Rojos de Veracruz
118283,Cristian Erbes,2000000,2016-12-16,26,5138,Tiburones Rojos de Veracruz
118283,Cristian Erbes,1500000,2017-07-31,27,5138,Tiburones Rojos de Veracruz
118283,Cristian Erbes,1500000,2017-10-09,27,2154,CA Chacarita Juniors
118283,Cristian Erbes,700000,2018-08-06,28,2477,Karpaty Lviv (-2021)
118283,Cristian Erbes,700000,2018-12-10,28,2477,Karpaty Lviv (-2021)
118283,Cristian Erbes,700000,2019-08-06,29,14554,Club Atlético Tucumán
118283,Cristian Erbes,700000,2019-12-05,29,14554,Club Atlético Tucumán
118283,Cristian Erbes,550000,2020-04-08,30,14554,Club Atlético Tucumán
118283,Cristian Erbes,600000,2021-02-08,31,14554,Club Atlético Tucumán
118283,Cristian Erbes,600000,2021-10-20,31,14554,Club Atlético Tucumán
118283,Cristian Erbes,600000,2022-03-28,32,5747,Deportes La Serena
118283,Cristian Erbes,500000,2022-06-16,32,5747,Deportes La Serena
118283,Cristian Erbes,425000,2022-11-15,32,5747,Deportes La Serena
118283,Cristian Erbes,375000,2023-07-17,33,4557,Club Ferro Carril Oeste
118283,Cristian Erbes,325000,2023-12-04,33,4557,Club Ferro Carril Oeste
118283,Cristian Erbes,275000,2024-06-06,34,4561,CS Emelec
118283,Cristian Erbes,150000,2024-12-16,34,4561,CS Emelec
118283,Cristian Erbes,100000,2025-05-22,35,19634,CA San Miguel
118283,Cristian Erbes,50000,2025-11-26,35,19634,CA San Miguel
118283,Cristian Erbes,0,2026-01-01,0,123,Club 123
68743,Exequiel Benavídez,50000,2008-02-15,18,14831,CA Boca Juniors II
68743,Exequiel Benavídez,100000,2008-08-25,19,14831,CA Boca Juniors II
68743,Exequiel Benavídez,300000,2008-12-20,19,14831,CA Boca Juniors II
68743,Exequiel Benavídez,500000,2009-05-14,20,14831,CA Boca Juniors II
68743,Exequiel Benavídez,500000,2009-10-06,20,14831,CA Boca Juniors II
68743,Exequiel Benavídez,400000,2010-01-21,20,9645,CA Tiro Federal Argentino (Rosario)
68743,Exequiel Benavídez,200000,2011-01-01,21,14831,CA Boca Juniors II
68743,Exequiel Benavídez,250000,2015-07-14,26,10534,CA Nueva Chicago
68743,Exequiel Benavídez,750000,2016-07-30,27,9855,LDU Quito
68743,Exequiel Benavídez,400000,2016-12-30,27,9855,LDU Quito
68743,Exequiel Benavídez,250000,2017-11-03,28,30038,CA Mitre
68743,Exequiel Benavídez,300000,2018-03-07,29,18231,Boyacá Patriotas FC
68743,Exequiel Benavídez,350000,2018-06-08,29,18231,Boyacá Patriotas FC
68743,Exequiel Benavídez,350000,2018-10-09,29,18231,Boyacá Patriotas FC
68743,Exequiel Benavídez,350000,2019-06-21,30,18231,Boyacá Patriotas FC
68743,Exequiel Benavídez,300000,2020-04-08,31,18231,Boyacá Patriotas FC
68743,Exequiel Benavídez,75000,2021-10-20,32,19310,LDU de Portoviejo
68743,Exequiel Benavídez,50000,2022-07-05,33,2154,CA Chacarita Juniors
68743,Exequiel Benavídez,25000,2022-12-16,33,2154,CA Chacarita Juniors
68743,Exequiel Benavídez,0,2023-11-13,34,123,Club 123
45328,Santiago Villafañe,100000,2007-11-20,19,14831,CA Boca Juniors II
45328,Santiago Villafañe,0,2008-01-29,19,6767,Real Madrid Castilla
45328,Santiago Villafañe,250000,2009-08-06,21,14831,CA Boca Juniors II
45328,Santiago Villafañe,175000,2009-10-06,21,14831,CA Boca Juniors II
45328,Santiago Villafañe,300000,2010-04-20,21,189,CA Boca Juniors
45328,Santiago Villafañe,300000,2010-10-05,22,189,CA Boca Juniors
45328,Santiago Villafañe,200000,2011-01-01,22,189,CA Boca Juniors
45328,Santiago Villafañe,200000,2011-06-28,23,189,CA Boca Juniors
45328,Santiago Villafañe,300000,2013-01-17,24,865,FC Midtjylland
45328,Santiago Villafañe,250000,2013-06-17,25,865,FC Midtjylland
45328,Santiago Villafañe,150000,2013-12-27,25,369,Lyngby Boldklub
45328,Santiago Villafañe,150000,2014-12-21,26,35476,AO Trachonon Alimou
45328,Santiago Villafañe,250000,2015-05-10,26,7185,Panthrakikos Komotini
45328,Santiago Villafañe,300000,2016-02-06,27,1070,CA Colón
45328,Santiago Villafañe,250000,2016-09-14,28,420,RNK Split
45328,Santiago Villafañe,150000,2017-08-16,29,318,Ruch Chorzów
45328,Santiago Villafañe,150000,2018-01-25,29,318,Ruch Chorzów
45328,Santiago Villafañe,100000,2018-07-03,30,515,Club 515
45328,Santiago Villafañe,50000,2020-12-01,32,18676,ASD Justo José de Urquiza
45328,Santiago Villafañe,0,2021-10-20,33,18676,ASD Justo José de Urquiza
26247,Jesús Méndez,50000,2006-07-22,21,257,FC St. Gallen 1879
26247,Jesús Méndez,150000,2006-09-25,22,257,FC St. Gallen 1879
26247,Jesús Méndez,600000,2007-05-27,22,257,FC St. Gallen 1879
26247,Jesús Méndez,650000,2007-09-11,23,257,FC St. Gallen 1879
26247,Jesús Méndez,500000,2008-02-08,23,1418,CA Rosario Central
26247,Jesús Méndez,800000,2008-04-03,23,1418,CA Rosario Central
26247,Jesús Méndez,1200000,2008-09-03,24,1418,CA Rosario Central
26247,Jesús Méndez,1200000,2008-12-20,24,1418,CA Rosario Central
26247,Jesús Méndez,1000000,2009-05-18,24,1418,CA Rosario Central
26247,Jesús Méndez,1000000,2009-10-06,25,1418,CA Rosario Central
26247,Jesús Méndez,1500000,2010-01-22,25,189,CA Boca Juniors
26247,Jesús Méndez,1500000,2010-04-20,25,189,CA Boca Juniors
26247,Jesús Méndez,1500000,2010-10-05,26,189,CA Boca Juniors
26247,Jesús Méndez,1200000,2011-01-01,26,1418,CA Rosario Central
26247,Jesús Méndez,500000,2011-12-19,27,189,CA Boca Juniors
26247,Jesús Méndez,400000,2012-01-10,27,189,CA Boca Juniors
26247,Jesús Méndez,400000,2015-01-11,30,1234,CA Independiente
26247,Jesús Méndez,400000,2015-07-14,30,1234,CA Independiente
26247,Jesús Méndez,250000,2016-02-06,31,1234,CA Independiente
26247,Jesús Méndez,150000,2016-08-08,32,1234,CA Independiente
26247,Jesús Méndez,400000,2016-12-16,32,1804,Deportivo Toluca FC
26247,Jesús Méndez,800000,2017-07-31,32,1804,Deportivo Toluca FC
26247,Jesús Méndez,350000,2018-05-08,33,1029,CA Vélez Sarsfield
26247,Jesús Méndez,150000,2018-12-18,34,515,Club 515
26247,Jesús Méndez,0,2019-02-23,34,2113,Club 2113
26465,Guillermo Marino,1400000,2008-01-25,26,7055,Tigres UANL
26465,Guillermo Marino,1000000,2009-06-15,28,7055,Tigres UANL
26465,Guillermo Marino,1000000,2009-10-06,28,189,CA Boca Juniors
26465,Guillermo Marino,900000,2010-01-21,28,189,CA Boca Juniors
26465,Guillermo Marino,700000,2010-04-20,29,189,CA Boca Juniors
26465,Guillermo Marino,1000000,2010-12-14,29,1037,Universidad de Chile
26465,Guillermo Marino,900000,2011-12-25,30,1037,Universidad de Chile
26465,Guillermo Marino,150000,2015-07-14,34,10233,AMSD Atlético de Rafaela
26465,Guillermo Marino,0,2016-01-01,34,123,Club 123
53110,Matías Giménez,1200000,2007-10-11,22,11831,CA Tigre
53110,Matías Giménez,2000000,2008-04-11,23,11831,CA Tigre
53110,Matías Giménez,2200000,2008-12-20,23,11831,CA Tigre
53110,Matías Giménez,2200000,2009-05-18,24,11831,CA Tigre
53110,Matías Giménez,2000000,2009-10-06,24,11831,CA Tigre
53110,Matías Giménez,2200000,2010-01-21,25,189,CA Boca Juniors
53110,Matías Giménez,2000000,2010-04-20,25,189,CA Boca Juniors
53110,Matías Giménez,1500000,2010-10-05,25,189,CA Boca Juniors
53110,Matías Giménez,1200000,2011-01-01,26,1775,CA San Lorenzo de Almagro
53110,Matías Giménez,700000,2011-06-30,26,189,CA Boca Juniors
53110,Matías Giménez,400000,2015-07-14,30,1030,AA Argentinos Juniors
53110,Matías Giménez,400000,2016-02-06,31,1030,AA Argentinos Juniors
53110,Matías Giménez,0,2020-02-17,35,14675,CS Dock Sud
3854,Juan Román Riquelme,9000000,2004-10-18,26,1050,Villarreal CF
3854,Juan Román Riquelme,15000000,2005-03-22,26,1050,Villarreal CF
3854,Juan Román Riquelme,18000000,2006-03-06,27,1050,Villarreal CF
3854,Juan Román Riquelme,17500000,2007-01-08,28,1050,Villarreal CF
3854,Juan Román Riquelme,16000000,2007-09-01,29,1050,Villarreal CF
3854,Juan Román Riquelme,15000000,2008-03-31,29,189,CA Boca Juniors
3854,Juan Román Riquelme,13000000,2008-08-25,30,189,CA Boca Juniors
3854,Juan Román Riquelme,11500000,2008-12-20,30,189,CA Boca Juniors
3854,Juan Román Riquelme,10500000,2009-05-14,30,189,CA Boca Juniors
3854,Juan Román Riquelme,9000000,2009-10-06,31,189,CA Boca Juniors
3854,Juan Román Riquelme,6000000,2010-01-21,31,189,CA Boca Juniors
3854,Juan Román Riquelme,5000000,2010-04-20,31,189,CA Boca Juniors
3854,Juan Román Riquelme,4000000,2010-10-05,32,189,CA Boca Juniors
3854,Juan Román Riquelme,3500000,2011-01-01,32,189,CA Boca Juniors
3854,Juan Román Riquelme,2500000,2011-06-28,33,189,CA Boca Juniors
3854,Juan Román Riquelme,2500000,2012-01-10,33,189,CA Boca Juniors
3854,Juan Román Riquelme,1000000,2012-08-24,34,2113,Club 2113
3854,Juan Román Riquelme,750000,2013-01-09,34,2113,Club 2113
3854,Juan Román Riquelme,0,2015-01-26,36,123,Club 123
75442,Nico Gaitán,50000,2008-06-04,20,14831,CA Boca Juniors II
75442,Nico Gaitán,900000,2008-12-20,20,189,CA Boca Juniors
75442,Nico Gaitán,1800000,2009-05-14,21,189,CA Boca Juniors
75442,Nico Gaitán,2000000,2009-10-06,21,189,CA Boca Juniors
75442,Nico Gaitán,3500000,2010-01-21,21,189,CA Boca Juniors
75442,Nico Gaitán,5000000,2010-04-20,22,189,CA Boca Juniors
75442,Nico Gaitán,7000000,2010-07-14,22,294,SL Benfica
75442,Nico Gaitán,8500000,2011-02-04,22,294,SL Benfica
75442,Nico Gaitán,10500000,2011-06-15,23,294,SL Benfica
75442,Nico Gaitán,15000000,2012-02-02,23,294,SL Benfica
75442,Nico Gaitán,16000000,2012-07-07,24,294,SL Benfica
75442,Nico Gaitán,17500000,2013-03-27,25,294,SL Benfica
75442,Nico Gaitán,18000000,2013-07-02,25,294,SL Benfica
75442,Nico Gaitán,22000000,2014-07-25,26,294,SL Benfica
75442,Nico Gaitán,25000000,2014-09-30,26,294,SL Benfica
75442,Nico Gaitán,26000000,2015-02-17,26,294,SL Benfica
75442,Nico Gaitán,27000000,2015-07-01,27,294,SL Benfica
75442,Nico Gaitán,30000000,2015-10-07,27,294,SL Benfica
75442,Nico Gaitán,30000000,2016-02-24,28,294,SL Benfica
75442,Nico Gaitán,25000000,2016-07-15,28,13,Atlético de Madrid
75442,Nico Gaitán,22000000,2017-01-24,28,13,Atlético de Madrid
75442,Nico Gaitán,20000000,2017-06-05,29,13,Atlético de Madrid
75442,Nico Gaitán,15000000,2018-01-01,29,13,Atlético de Madrid
75442,Nico Gaitán,12000000,2018-03-12,30,33304,Dalian Professional (2009-2024)
75442,Nico Gaitán,8000000,2018-06-05,30,33304,Dalian Professional (2009-2024)
75442,Nico Gaitán,8500000,2018-12-09,30,33304,Dalian Professional (2009-2024)
75442,Nico Gaitán,6500000,2019-03-20,31,432,Chicago Fire FC
75442,Nico Gaitán,5000000,2019-05-27,31,432,Chicago Fire FC
75442,Nico Gaitán,4000000,2019-11-30,31,432,Chicago Fire FC
75442,Nico Gaitán,3200000,2020-04-08,32,1082,LOSC Lille
75442,Nico Gaitán,3000000,2020-08-17,32,1075,SC Braga
75442,Nico Gaitán,1500000,2021-01-28,32,1075,SC Braga
75442,Nico Gaitán,1500000,2021-05-21,33,1075,SC Braga
75442,Nico Gaitán,800000,2021-09-10,33,861,CA Peñarol
75442,Nico Gaitán,600000,2022-03-10,34,2995,FC Paços de Ferreira
75442,Nico Gaitán,500000,2022-05-31,34,2995,FC Paços de Ferreira
75442,Nico Gaitán,300000,2022-11-01,34,2995,FC Paços de Ferreira
75442,Nico Gaitán,200000,2023-06-16,35,2995,FC Paços de Ferreira
75442,Nico Gaitán,125000,2024-03-29,36,515,Club 515
75442,Nico Gaitán,100000,2024-12-13,36,12454,CA Sarmiento (Junín)
75442,Nico Gaitán,50000,2025-04-04,37,12454,CA Sarmiento (Junín)
75442,Nico Gaitán,0,2025-09-29,37,12454,CA Sarmiento (Junín)
4193,Federico Insúa,2500000,2004-10-04,24,1234,CA Independiente
4193,Federico Insúa,4500000,2004-12-10,24,1234,CA Independiente
4193,Federico Insúa,3500000,2007-06-20,27,18,Borussia Mönchengladbach
4193,Federico Insúa,2750000,2008-01-11,28,3631,CF América
4193,Federico Insúa,2000000,2008-12-02,28,3631,CF América
4193,Federico Insúa,2000000,2009-10-06,29,189,CA Boca Juniors
4193,Federico Insúa,2200000,2010-01-21,30,189,CA Boca Juniors
4193,Federico Insúa,2000000,2010-04-20,30,189,CA Boca Juniors
4193,Federico Insúa,2500000,2010-08-12,30,20,Bursaspor
4193,Federico Insúa,2500000,2011-01-21,31,20,Bursaspor
4193,Federico Insúa,1500000,2011-07-01,31,20,Bursaspor
4193,Federico Insúa,700000,2012-01-09,32,1029,CA Vélez Sarsfield
4193,Federico Insúa,600000,2013-06-30,33,1029,CA Vélez Sarsfield
4193,Federico Insúa,600000,2016-02-06,36,1030,AA Argentinos Juniors
4193,Federico Insúa,0,2016-06-07,36,123,Club 123
68746,Cristian Chávez,75000,2008-02-15,21,189,CA Boca Juniors
68746,Cristian Chávez,600000,2008-08-25,22,189,CA Boca Juniors
68746,Cristian Chávez,1000000,2008-12-20,22,189,CA Boca Juniors
68746,Cristian Chávez,1600000,2009-05-14,22,189,CA Boca Juniors
68746,Cristian Chávez,1600000,2009-10-06,23,189,CA Boca Juniors
68746,Cristian Chávez,1800000,2010-01-21,23,189,CA Boca Juniors
68746,Cristian Chávez,2000000,2010-04-20,23,189,CA Boca Juniors
68746,Cristian Chávez,1800000,2010-10-05,24,189,CA Boca Juniors
68746,Cristian Chávez,2000000,2011-01-01,24,189,CA Boca Juniors
68746,Cristian Chávez,2000000,2011-06-28,25,189,CA Boca Juniors
68746,Cristian Chávez,2200000,2012-01-10,25,189,CA Boca Juniors
68746,Cristian Chávez,1500000,2012-11-05,26,189,CA Boca Juniors
68746,Cristian Chávez,1000000,2012-12-26,26,189,CA Boca Juniors
68746,Cristian Chávez,750000,2015-07-14,29,4673,Arsenal FC
68746,Cristian Chávez,750000,2016-02-21,29,6676,Asteras Aktor
68746,Cristian Chávez,600000,2016-06-21,30,6676,Asteras Aktor
68746,Cristian Chávez,450000,2016-12-21,30,6676,Asteras Aktor
68746,Cristian Chávez,400000,2020-03-02,33,4862,Club Jorge Wilstermann
68746,Cristian Chávez,325000,2020-04-08,33,4862,Club Jorge Wilstermann
68746,Cristian Chávez,350000,2021-03-30,34,4862,Club Jorge Wilstermann
68746,Cristian Chávez,200000,2021-10-28,35,4862,Club Jorge Wilstermann
68746,Cristian Chávez,125000,2022-06-10,35,4862,Club Jorge Wilstermann
68746,Cristian Chávez,75000,2022-11-23,36,4862,Club Jorge Wilstermann
68746,Cristian Chávez,0,2023-11-13,37,2113,Club 2113
68746,Cristian Chávez,25000,2025-12-11,39,4862,Club Jorge Wilstermann
74688,Ricardo Noir,100000,2008-06-04,21,189,CA Boca Juniors
74688,Ricardo Noir,500000,2008-08-25,21,189,CA Boca Juniors
74688,Ricardo Noir,1100000,2008-12-20,21,189,CA Boca Juniors
74688,Ricardo Noir,1000000,2009-05-14,22,189,CA Boca Juniors
74688,Ricardo Noir,800000,2009-10-06,22,189,CA Boca Juniors
74688,Ricardo Noir,800000,2010-01-21,22,189,CA Boca Juniors
74688,Ricardo Noir,500000,2011-06-28,24,189,CA Boca Juniors
74688,Ricardo Noir,1000000,2011-12-23,24,1286,CA Newell's Old Boys
74688,Ricardo Noir,1000000,2015-01-11,27,830,CA Banfield
74688,Ricardo Noir,1000000,2015-07-14,28,1444,Racing Club
74688,Ricardo Noir,700000,2016-02-06,28,1444,Racing Club
74688,Ricardo Noir,500000,2017-10-09,30,1444,Racing Club
74688,Ricardo Noir,250000,2018-05-08,31,2063,CA Huracán
74688,Ricardo Noir,250000,2018-12-18,31,14554,Club Atlético Tucumán
74688,Ricardo Noir,125000,2020-02-17,32,2417,CA Belgrano
74688,Ricardo Noir,125000,2021-03-30,34,78591,Palmaflor del Trópico
74688,Ricardo Noir,100000,2021-10-28,34,78591,Palmaflor del Trópico
74688,Ricardo Noir,50000,2022-02-08,34,14561,Club Gimnasia y Esgrima (Conc. del Uruguay)
74688,Ricardo Noir,0,2022-04-24,35,2113,Club 2113
17872,Pablo Mouche,500000,2007-10-01,19,189,CA Boca Juniors
17872,Pablo Mouche,600000,2008-08-25,20,189,CA Boca Juniors
17872,Pablo Mouche,900000,2008-12-20,21,189,CA Boca Juniors
17872,Pablo Mouche,1800000,2009-05-14,21,189,CA Boca Juniors
17872,Pablo Mouche,2000000,2009-08-06,21,189,CA Boca Juniors
17872,Pablo Mouche,2200000,2009-10-06,21,189,CA Boca Juniors
17872,Pablo Mouche,2200000,2010-01-21,22,189,CA Boca Juniors
17872,Pablo Mouche,2000000,2010-04-20,22,189,CA Boca Juniors
17872,Pablo Mouche,1800000,2010-10-05,22,189,CA Boca Juniors
17872,Pablo Mouche,1500000,2011-01-01,23,189,CA Boca Juniors
17872,Pablo Mouche,1500000,2011-06-28,23,189,CA Boca Juniors
17872,Pablo Mouche,2500000,2011-12-19,24,189,CA Boca Juniors
17872,Pablo Mouche,2500000,2012-01-10,24,189,CA Boca Juniors
17872,Pablo Mouche,2500000,2013-01-06,25,3205,Kayserispor
17872,Pablo Mouche,3500000,2013-06-14,25,3205,Kayserispor
17872,Pablo Mouche,3000000,2014-01-27,26,3205,Kayserispor
17872,Pablo Mouche,3000000,2014-07-23,26,1023,SE Palmeiras
17872,Pablo Mouche,3000000,2015-02-01,27,1023,SE Palmeiras
17872,Pablo Mouche,3000000,2015-05-31,27,1023,SE Palmeiras
17872,Pablo Mouche,3000000,2015-12-15,28,1023,SE Palmeiras
17872,Pablo Mouche,2000000,2016-02-06,28,333,CA Lanús
17872,Pablo Mouche,900000,2016-12-18,29,159,Estrella Roja de Belgrado
17872,Pablo Mouche,1000000,2017-10-09,29,830,CA Banfield
17872,Pablo Mouche,1000000,2018-05-08,30,830,CA Banfield
17872,Pablo Mouche,500000,2018-12-18,31,1775,CA San Lorenzo de Almagro
17872,Pablo Mouche,500000,2019-05-22,31,2433,CSD Colo-Colo
17872,Pablo Mouche,500000,2019-12-07,32,2433,CSD Colo-Colo
17872,Pablo Mouche,400000,2020-04-08,32,2433,CSD Colo-Colo
17872,Pablo Mouche,400000,2020-11-10,33,2433,CSD Colo-Colo
17872,Pablo Mouche,400000,2021-03-11,33,515,Club 515
17872,Pablo Mouche,150000,2021-04-10,33,1806,IA Sud América
17872,Pablo Mouche,100000,2021-09-10,33,1806,IA Sud América
17872,Pablo Mouche,100000,2022-01-01,34,1806,IA Sud América
17872,Pablo Mouche,100000,2022-05-24,34,25184,CA Barracas Central
17872,Pablo Mouche,100000,2022-10-26,35,25184,CA Barracas Central
17872,Pablo Mouche,75000,2023-07-17,35,8057,CA Atlanta
17872,Pablo Mouche,0,2024-03-29,36,123,Club 123
142463,Orlando Gaona Lugo,50000,2010-04-20,19,0,Sin Club / Desconocido
142463,Orlando Gaona Lugo,300000,2011-01-01,20,189,CA Boca Juniors
142463,Orlando Gaona Lugo,300000,2011-06-28,20,189,CA Boca Juniors
142463,Orlando Gaona Lugo,300000,2012-01-10,21,189,CA Boca Juniors
142463,Orlando Gaona Lugo,300000,2015-07-14,24,7468,Club Olimpo
142463,Orlando Gaona Lugo,300000,2016-02-06,25,7468,Club Olimpo
142463,Orlando Gaona Lugo,450000,2016-08-08,26,7468,Club Olimpo
142463,Orlando Gaona Lugo,250000,2017-02-13,26,7468,Club Olimpo
142463,Orlando Gaona Lugo,225000,2017-10-09,27,7468,Club Olimpo
142463,Orlando Gaona Lugo,250000,2020-10-14,30,7656,Sportivo Luqueño
142463,Orlando Gaona Lugo,250000,2021-02-04,30,7098,Club Nacional Asunción
142463,Orlando Gaona Lugo,300000,2021-06-28,30,7098,Club Nacional Asunción
142463,Orlando Gaona Lugo,275000,2021-12-09,31,7098,Club Nacional Asunción
142463,Orlando Gaona Lugo,200000,2022-06-15,31,7098,Club Nacional Asunción
142463,Orlando Gaona Lugo,200000,2022-11-30,32,7098,Club Nacional Asunción
142463,Orlando Gaona Lugo,200000,2023-06-02,32,17974,Deportivo Municipal
142463,Orlando Gaona Lugo,150000,2023-12-06,33,7098,Club Nacional Asunción
142463,Orlando Gaona Lugo,75000,2024-06-13,33,7098,Club Nacional Asunción
142463,Orlando Gaona Lugo,75000,2024-12-23,34,7098,Club Nacional Asunción
142463,Orlando Gaona Lugo,50000,2025-05-13,34,7098,Club Nacional Asunción
142463,Orlando Gaona Lugo,50000,2025-12-02,35,7098,Club Nacional Asunción
3412,Martín Palermo,5500000,2004-10-04,30,189,CA Boca Juniors
3412,Martín Palermo,4500000,2007-10-01,33,189,CA Boca Juniors
3412,Martín Palermo,4400000,2008-03-31,34,189,CA Boca Juniors
3412,Martín Palermo,4100000,2008-12-20,35,189,CA Boca Juniors
3412,Martín Palermo,4000000,2009-05-14,35,189,CA Boca Juniors
3412,Martín Palermo,4000000,2009-10-06,35,189,CA Boca Juniors
3412,Martín Palermo,3500000,2010-01-21,36,189,CA Boca Juniors
3412,Martín Palermo,3500000,2010-04-20,36,189,CA Boca Juniors
3412,Martín Palermo,3000000,2010-10-05,36,189,CA Boca Juniors
3412,Martín Palermo,2500000,2011-01-01,37,189,CA Boca Juniors
3412,Martín Palermo,0,2011-06-28,37,189,CA Boca Juniors
74693,Lucas Viatri,100000,2008-06-04,21,14831,CA Boca Juniors II
74693,Lucas Viatri,500000,2008-08-25,21,189,CA Boca Juniors
74693,Lucas Viatri,1800000,2008-12-20,21,189,CA Boca Juniors
74693,Lucas Viatri,2400000,2009-05-14,22,189,CA Boca Juniors
74693,Lucas Viatri,2400000,2009-10-06,22,189,CA Boca Juniors
74693,Lucas Viatri,2500000,2010-01-21,22,189,CA Boca Juniors
74693,Lucas Viatri,2000000,2010-04-20,23,189,CA Boca Juniors
74693,Lucas Viatri,2200000,2010-10-05,23,189,CA Boca Juniors
74693,Lucas Viatri,2500000,2011-01-01,23,189,CA Boca Juniors
74693,Lucas Viatri,2000000,2011-06-28,24,189,CA Boca Juniors
74693,Lucas Viatri,2400000,2011-12-19,24,189,CA Boca Juniors
74693,Lucas Viatri,2500000,2012-01-10,24,189,CA Boca Juniors
74693,Lucas Viatri,1500000,2013-06-30,26,189,CA Boca Juniors
74693,Lucas Viatri,1200000,2013-12-27,26,4774,Jaguares FC
74693,Lucas Viatri,900000,2014-07-07,27,3183,Shanghai Shenhua
74693,Lucas Viatri,800000,2014-11-04,27,3183,Shanghai Shenhua
74693,Lucas Viatri,800000,2015-07-14,28,830,CA Banfield
74693,Lucas Viatri,700000,2016-02-06,28,288,Club Estudiantes de La Plata
74693,Lucas Viatri,1000000,2016-08-08,29,288,Club Estudiantes de La Plata
74693,Lucas Viatri,1500000,2017-02-13,29,288,Club Estudiantes de La Plata
74693,Lucas Viatri,1000000,2018-02-05,30,861,CA Peñarol
74693,Lucas Viatri,500000,2019-03-03,31,861,CA Peñarol
74693,Lucas Viatri,200000,2020-01-06,32,861,CA Peñarol
74693,Lucas Viatri,100000,2021-09-10,34,18075,Club Deportivo Maldonado
74693,Lucas Viatri,100000,2022-01-01,34,18075,Club Deportivo Maldonado
74693,Lucas Viatri,75000,2022-06-02,35,861,CA Peñarol
74693,Lucas Viatri,50000,2022-11-12,35,861,CA Peñarol
74693,Lucas Viatri,0,2023-11-12,36,515,Club 515
52907,Marcos Mondaini,600000,2007-10-01,22,189,CA Boca Juniors
52907,Marcos Mondaini,400000,2009-10-06,24,189,CA Boca Juniors
52907,Marcos Mondaini,1250000,2013-07-11,28,4561,CS Emelec
52907,Marcos Mondaini,1500000,2013-12-27,28,4561,CS Emelec
52907,Marcos Mondaini,1600000,2014-08-04,29,4561,CS Emelec
52907,Marcos Mondaini,1400000,2014-12-30,29,4561,CS Emelec
52907,Marcos Mondaini,1000000,2015-06-30,30,4561,CS Emelec
52907,Marcos Mondaini,1400000,2015-12-30,30,4561,CS Emelec
52907,Marcos Mondaini,700000,2016-07-30,31,4561,CS Emelec
52907,Marcos Mondaini,800000,2016-12-30,31,4561,CS Emelec
52907,Marcos Mondaini,1000000,2017-07-14,32,4561,CS Emelec
52907,Marcos Mondaini,1000000,2017-12-30,32,4561,CS Emelec
52907,Marcos Mondaini,500000,2018-07-20,33,4561,CS Emelec
52907,Marcos Mondaini,400000,2018-12-30,33,4561,CS Emelec
52907,Marcos Mondaini,400000,2019-06-30,34,25569,Guayaquil City FC
52907,Marcos Mondaini,200000,2019-12-30,34,25569,Guayaquil City FC
52907,Marcos Mondaini,100000,2020-09-24,35,25569,Guayaquil City FC
52907,Marcos Mondaini,0,2021-01-01,35,123,Club 123
59596,Lucas Pratto,500000,2007-10-11,19,11831,CA Tigre
59596,Lucas Pratto,700000,2009-07-04,21,189,CA Boca Juniors
59596,Lucas Pratto,350000,2009-10-06,21,189,CA Boca Juniors
59596,Lucas Pratto,800000,2010-12-14,22,3277,CD Universidad Católica
59596,Lucas Pratto,1800000,2011-07-05,23,252,Génova
59596,Lucas Pratto,2500000,2011-09-21,23,252,Génova
59596,Lucas Pratto,2200000,2012-01-11,23,252,Génova
59596,Lucas Pratto,1800000,2012-08-02,24,1029,CA Vélez Sarsfield
59596,Lucas Pratto,2500000,2012-12-26,24,1029,CA Vélez Sarsfield
59596,Lucas Pratto,4000000,2014-02-10,25,1029,CA Vélez Sarsfield
59596,Lucas Pratto,4000000,2015-02-01,26,330,Clube Atlético Mineiro
59596,Lucas Pratto,5000000,2015-05-31,26,330,Clube Atlético Mineiro
59596,Lucas Pratto,4750000,2015-12-15,27,330,Clube Atlético Mineiro
59596,Lucas Pratto,4500000,2016-05-27,27,330,Clube Atlético Mineiro
59596,Lucas Pratto,5500000,2016-11-28,28,330,Clube Atlético Mineiro
59596,Lucas Pratto,4500000,2017-12-07,29,585,São Paulo FC
59596,Lucas Pratto,6000000,2018-05-08,29,209,CA River Plate
59596,Lucas Pratto,8000000,2018-12-18,30,209,CA River Plate
59596,Lucas Pratto,7500000,2019-08-06,31,209,CA River Plate
59596,Lucas Pratto,3000000,2019-12-05,31,209,CA River Plate
59596,Lucas Pratto,2400000,2020-04-08,31,209,CA River Plate
59596,Lucas Pratto,1000000,2021-03-09,32,234,Feyenoord
59596,Lucas Pratto,750000,2021-05-19,32,234,Feyenoord
59596,Lucas Pratto,625000,2021-10-20,33,1029,CA Vélez Sarsfield
59596,Lucas Pratto,550000,2022-02-08,33,1029,CA Vélez Sarsfield
59596,Lucas Pratto,450000,2022-05-24,33,1029,CA Vélez Sarsfield
59596,Lucas Pratto,400000,2022-10-26,34,1029,CA Vélez Sarsfield
59596,Lucas Pratto,250000,2023-07-04,35,1029,CA Vélez Sarsfield
59596,Lucas Pratto,200000,2023-12-19,35,2402,CSD Defensa y Justicia
59596,Lucas Pratto,200000,2024-06-13,36,629,Club Olimpia Asunción
59596,Lucas Pratto,200000,2024-12-23,36,629,Club Olimpia Asunción
59596,Lucas Pratto,150000,2025-05-13,36,629,Club Olimpia Asunción
59596,Lucas Pratto,100000,2025-12-17,37,12454,CA Sarmiento (Junín)
110366,Sergio Araujo,50000,2009-05-14,17,0,Sin Club / Desconocido
110366,Sergio Araujo,100000,2010-04-20,18,0,Sin Club / Desconocido
110366,Sergio Araujo,300000,2010-10-05,18,189,CA Boca Juniors
110366,Sergio Araujo,1000000,2011-01-01,18,189,CA Boca Juniors
110366,Sergio Araujo,1000000,2011-06-28,19,189,CA Boca Juniors
110366,Sergio Araujo,1500000,2011-12-19,19,189,CA Boca Juniors
110366,Sergio Araujo,1200000,2012-01-10,19,189,CA Boca Juniors
110366,Sergio Araujo,1200000,2012-08-07,20,2464,FC Barcelona Atlètic
110366,Sergio Araujo,1500000,2013-01-22,20,2464,FC Barcelona Atlètic
110366,Sergio Araujo,2500000,2013-05-09,21,2464,FC Barcelona Atlètic
110366,Sergio Araujo,1800000,2014-02-10,22,11831,CA Tigre
110366,Sergio Araujo,1800000,2014-08-10,22,472,UD Las Palmas
110366,Sergio Araujo,1800000,2015-01-08,22,472,UD Las Palmas
110366,Sergio Araujo,3000000,2015-07-01,23,472,UD Las Palmas
110366,Sergio Araujo,2500000,2016-02-22,24,472,UD Las Palmas
110366,Sergio Araujo,2000000,2016-04-07,24,472,UD Las Palmas
110366,Sergio Araujo,2000000,2016-07-15,24,472,UD Las Palmas
110366,Sergio Araujo,2000000,2017-01-24,24,472,UD Las Palmas
110366,Sergio Araujo,2000000,2017-05-11,25,2441,AEK Atenas FC
110366,Sergio Araujo,2000000,2017-12-18,25,2441,AEK Atenas FC
110366,Sergio Araujo,4000000,2018-05-22,26,2441,AEK Atenas FC
110366,Sergio Araujo,2500000,2019-02-19,27,472,UD Las Palmas
110366,Sergio Araujo,2000000,2019-06-29,27,472,UD Las Palmas
110366,Sergio Araujo,1500000,2019-12-20,27,472,UD Las Palmas
110366,Sergio Araujo,1200000,2020-04-08,28,2441,AEK Atenas FC
110366,Sergio Araujo,1500000,2020-08-04,28,472,UD Las Palmas
110366,Sergio Araujo,1000000,2020-10-08,28,472,UD Las Palmas
110366,Sergio Araujo,1000000,2021-01-08,28,472,UD Las Palmas
110366,Sergio Araujo,1000000,2021-06-24,29,472,UD Las Palmas
110366,Sergio Araujo,2000000,2021-11-01,29,2441,AEK Atenas FC
110366,Sergio Araujo,2500000,2022-06-09,30,2441,AEK Atenas FC
110366,Sergio Araujo,3000000,2022-11-07,30,2441,AEK Atenas FC
110366,Sergio Araujo,3000000,2023-05-22,31,2441,AEK Atenas FC
110366,Sergio Araujo,2500000,2023-12-20,31,2441,AEK Atenas FC
110366,Sergio Araujo,2000000,2024-03-06,32,2441,AEK Atenas FC
110366,Sergio Araujo,1500000,2024-05-30,32,2441,AEK Atenas FC
110366,Sergio Araujo,750000,2024-09-25,32,1214,Club Cerro Porteño
110366,Sergio Araujo,300000,2024-12-23,32,1214,Club Cerro Porteño
110366,Sergio Araujo,200000,2025-03-17,33,1214,Club Cerro Porteño
110366,Sergio Araujo,175000,2025-05-13,33,1214,Club Cerro Porteño
110366,Sergio Araujo,250000,2025-09-12,33,1214,Club Cerro Porteño
110366,Sergio Araujo,200000,2025-12-02,33,1214,Club Cerro Porteño
